Channel,Last_Calibrated,Last_Cal_Time,duration,humidity,film temperature,CO2 Cal Gas,CalFile,TYPE,DATE,Current,cal_utc,PCB,C0d,C6d,(spare),C2V_size,a2,a3,a4,a5,b2,b3,b4,b5,c2,c3,c4,c5,A,B,C,D,(spare),(spare),(spare),V2C_size,a7,a8,a9,a10,b7,b8,b9,b10,c7,c8,c9,c10,A',B',C',D',(spare),(spare),(spare),V_RA_5,V_RA_15,mI,I_span,DAC,V_0d_span (actual),V_6d_span (actual),V_0d_target,V_6d_target,Pump_Flow_rate,Cal_Offset_adj,Cal_Gain_adj,(spare),last_zero_humidity,last_zero_humidity,Time Monitoring since last zero,zero_utc,Last_Zero'd,Last_Zero_Time,Number_of_Zeros,V_0d_average,V_Offset_adj,V_Gain_adj,Software Rev,Sample Descriptor,Chamber,Operator,Notes,END
1,6/11/2015,8:50:29 PM,206,223.089752,0,6,C:\Users\Andrew\Dropbox\Private\Yesmed\Clients\PAHS\CO2 Instrument\COEFFICIENTS\CA_PCB3701_150611_COEFF.CSV,CalCoeff,[06-11-15],74.300003,3516886229,,0.959859,5.695458,,4,0.00001,-0.00013,0.000315,-0.000158,-0.001179,0.015904,-0.052977,0.012079,0.029325,-0.438551,1.964841,4.225175,0.029325,-0.438551,1.964841,4.225175,,,,4,0.004675,-0.073356,0.381963,-0.657489,-0.20164,3.236386,-17.12347,29.768965,4.338925,-69.724907,370.245331,-647.490906,4.338925,-69.724907,370.245331,-647.490906,,,,9.615276,9.631403,1.612711,0.0743,0,9.608734,0.027953,4.360575,6.560669,20,5.248159,78.707482,,281.949188,0,0,3516886229,6/11/2015,8:50:29 PM,0,9.608734,5.248159,78.707482,X.X.X,,,,,
2,6/11/2015,8:50:29 PM,206,223.089752,0,6,C:\Users\Andrew\Dropbox\Private\Yesmed\Clients\PAHS\CO2 Instrument\COEFFICIENTS\CA_PCB3701_150611_COEFF.CSV,CalCoeff,[06-11-15],19.299999,3516886229,,0.395695,143.61189,,4,0.000049,-0.000676,0.002367,0.000314,-0.003268,0.047947,-0.204865,-0.030369,0.052203,-0.857497,4.85455,1.905177,0.052203,-0.857497,4.85455,1.905177,,,,4,0.000526,-0.003072,0.006101,-0.002371,-0.016556,0.086323,-0.106959,-0.031048,0.164533,-0.928712,1.704902,-0.612656,0.164533,-0.928712,1.704902,-0.612656,,,,9.468816,9.466231,-0.258452,0.0193,0,9.473622,-0.015946,2.240811,11.438369,20,7.232811,-576.797224,,281.949188,0,0,3516886229,6/11/2015,8:50:29 PM,0,9.473622,7.232811,-576.797224,X.X.X,,,,,
3,6/11/2015,8:50:29 PM,206,223.089752,0,6,C:\Users\Andrew\Dropbox\Private\Yesmed\Clients\PAHS\CO2 Instrument\COEFFICIENTS\CA_PCB3701_150611_COEFF.CSV,CalCoeff,[06-11-15],44.099998,3516886229,,0.443164,203.141618,,4,0.00005,-0.000687,0.002457,0.00039,-0.003209,0.047522,-0.20743,-0.03646,0.04966,-0.82356,4.750866,2.188774,0.04966,-0.82356,4.750866,2.188774,,,,4,0.00069,-0.004312,0.009323,-0.004876,-0.022393,0.128071,-0.204469,0.029466,0.21755,-1.307486,2.609002,-1.309471,0.21755,-1.307486,2.609002,-1.309471,,,,3.390082,3.430376,4.029396,0.0441,0,3.407773,-0.006628,2.517316,11.77243,20,0.890457,-1396.320661,,281.949188,0,0,3516886229,6/11/2015,8:50:29 PM,0,3.407773,0.890457,-1396.320661,X.X.X,,,,,
4,6/11/2015,8:50:29 PM,206,223.089752,0,6,C:\Users\Andrew\Dropbox\Private\Yesmed\Clients\PAHS\CO2 Instrument\COEFFICIENTS\CA_PCB3701_150611_COEFF.CSV,CalCoeff,[06-11-15],15.1,3516886229,,0.417149,108.806403,,4,0.000049,-0.000667,0.002196,0.00038,-0.003308,0.047948,-0.197234,-0.029867,0.053273,-0.865874,4.790206,1.752663,0.053273,-0.865874,4.790206,1.752663,,,,4,0.000472,-0.002712,0.005533,-0.002374,-0.014808,0.076464,-0.099597,-0.0141,0.151133,-0.856625,1.664204,-0.698561,0.151133,-0.856625,1.664204,-0.698561,,,,4.226117,4.234615,0.849757,0.0151,0,4.173826,0.011235,2.083753,10.829419,20,2.090073,778.461531,,281.949188,0,0,3516886229,6/11/2015,8:50:29 PM,0,4.173826,2.090073,778.461531,X.X.X,,,,,
1,6/11/2015,9:32:36 PM,460,275.382538,0,6,C:\Users\Andrew\Dropbox\Private\Yesmed\Clients\PAHS\CO2 Instrument\COEFFICIENTS\TEST - CH1 zeroed.csv,CalCoeff,[06-11-15],0,3516888756,3701,0,0,,0,0,0,0,0,0,0,0,0,0,0,0,0,0,0,0,0,,,,0,0,0,0,0,0,0,0,0,0,0,0,0,0,0,0,0,,,,9.619186,9.616068,-0.311881,-0.002,0,9.629028,0.011273,0,0,20,9.629028,0,,284.961884,0,0,3516888756,6/11/2015,9:32:36 PM,0,9.629028,9.629028,0,X.X.X,,,,,
2,6/11/2015,9:32:36 PM,460,275.382538,0,6,C:\Users\Andrew\Dropbox\Private\Yesmed\Clients\PAHS\CO2 Instrument\COEFFICIENTS\TEST - CH1 zeroed.csv,CalCoeff,[06-11-15],19.299999,3516888756,3701,0.395695,143.61189,,4,0.000049,-0.000676,0.002367,0.000314,-0.003268,0.047947,-0.204865,-0.030369,0.052203,-0.857497,4.85455,1.905177,0.052203,-0.857497,4.85455,1.905177,,,,4,0.000526,-0.003072,0.006101,-0.002371,-0.016556,0.086323,-0.106959,-0.031048,0.164533,-0.928712,1.704902,-0.612656,0.164533,-0.928712,1.704902,-0.612656,,,,9.466689,9.467528,0.083923,0.0191,0,9.458459,0.002728,2.240811,11.438369,20,7.217647,3372.072458,,284.961884,0,0,3516888756,6/11/2015,9:32:36 PM,0,9.458459,7.217647,3372.072458,X.X.X,,,,,
3,6/11/2015,9:32:36 PM,460,275.382538,0,6,C:\Users\Andrew\Dropbox\Private\Yesmed\Clients\PAHS\CO2 Instrument\COEFFICIENTS\TEST - CH1 zeroed.csv,CalCoeff,[06-11-15],44.099998,3516888756,3701,0.443164,203.141618,,4,0.00005,-0.000687,0.002457,0.00039,-0.003209,0.047522,-0.20743,-0.03646,0.04966,-0.82356,4.750866,2.188774,0.04966,-0.82356,4.750866,2.188774,,,,4,0.00069,-0.004312,0.009323,-0.004876,-0.022393,0.128071,-0.204469,0.029466,0.21755,-1.307486,2.609002,-1.309471,0.21755,-1.307486,2.609002,-1.309471,,,,3.432865,3.397197,-3.566849,0.0461,0,3.385294,0.044118,2.517316,11.77243,20,0.867978,209.779337,,284.961884,0,0,3516888756,6/11/2015,9:32:36 PM,0,3.385294,0.867978,209.779337,X.X.X,,,,,
4,6/11/2015,9:32:36 PM,460,275.382538,0,6,C:\Users\Andrew\Dropbox\Private\Yesmed\Clients\PAHS\CO2 Instrument\COEFFICIENTS\TEST - CH1 zeroed.csv,CalCoeff,[06-11-15],15.1,3516888756,3701,0.417149,108.806403,,4,0.000049,-0.000667,0.002196,0.00038,-0.003308,0.047948,-0.197234,-0.029867,0.053273,-0.865874,4.790206,1.752663,0.053273,-0.865874,4.790206,1.752663,,,,4,0.000472,-0.002712,0.005533,-0.002374,-0.014808,0.076464,-0.099597,-0.0141,0.151133,-0.856625,1.664204,-0.698561,0.151133,-0.856625,1.664204,-0.698561,,,,4.22895,4.248024,1.907408,0.0171,0,4.189142,0.025979,2.083753,10.829419,20,2.10539,336.644685,,284.961884,0,0,3516888756,6/11/2015,9:32:36 PM,0,4.189142,2.10539,336.644685,X.X.X,,,,,
Channel 1-525nm wide,6/12/2015,3:28:08 PM,157,289.211151,0,6,C:\Users\Andrew\Dropbox\Private\Yesmed\Clients\PAHS\CO2 Instrument\COEFFICIENTS\CA_PCB3701_150611_COEFF.CSV,CalCoeff,[06-11-15],74.300003,3516953289,3701,0.959859,5.695458,,4,0.00001,-0.00013,0.000315,-0.000158,-0.001179,0.015904,-0.052977,0.012079,0.029325,-0.438551,1.964841,4.225175,0.029325,-0.438551,1.964841,4.225175,,,,4,0.004675,-0.073356,0.381963,-0.657489,-0.20164,3.236386,-17.12347,29.768965,4.338925,-69.724907,370.245331,-647.490906,4.338925,-69.724907,370.245331,-647.490906,,,,9.613569,9.622629,0.90602,0.0703,0,9.61663,-0.009032,4.360575,6.560669,20,5.256056,-243.593292,,47.736385,0,0,3516953289,6/12/2015,3:28:08 PM,0,9.61663,5.256056,-243.593292,X.X.X,,,,,
Channel 2-611nm narrow,6/12/2015,3:28:08 PM,157,289.211151,0,6,C:\Users\Andrew\Dropbox\Private\Yesmed\Clients\PAHS\CO2 Instrument\COEFFICIENTS\CA_PCB3701_150611_COEFF.CSV,CalCoeff,[06-11-15],19.299999,3516953289,3701,0.395695,143.61189,,4,0.000049,-0.000676,0.002367,0.000314,-0.003268,0.047947,-0.204865,-0.030369,0.052203,-0.857497,4.85455,1.905177,0.052203,-0.857497,4.85455,1.905177,,,,4,0.000526,-0.003072,0.006101,-0.002371,-0.016556,0.086323,-0.106959,-0.031048,0.164533,-0.928712,1.704902,-0.612656,0.164533,-0.928712,1.704902,-0.612656,,,,9.479287,9.470285,-0.900286,0.0189,0,9.471648,0.011635,2.240811,11.438369,20,7.230837,790.495209,,47.736385,0,0,3516953289,6/12/2015,3:28:08 PM,0,9.471648,7.230837,790.495209,X.X.X,,,,,
Channel 3-605nm wide,6/12/2015,3:28:08 PM,157,289.211151,0,6,C:\Users\Andrew\Dropbox\Private\Yesmed\Clients\PAHS\CO2 Instrument\COEFFICIENTS\CA_PCB3701_150611_COEFF.CSV,CalCoeff,[06-11-15],44.099998,3516953289,3701,0.443164,203.141618,,4,0.00005,-0.000687,0.002457,0.00039,-0.003209,0.047522,-0.20743,-0.03646,0.04966,-0.82356,4.750866,2.188774,0.04966,-0.82356,4.750866,2.188774,,,,4,0.00069,-0.004312,0.009323,-0.004876,-0.022393,0.128071,-0.204469,0.029466,0.21755,-1.307486,2.609002,-1.309471,0.21755,-1.307486,2.609002,-1.309471,,,,3.405761,3.418207,1.244582,0.0481,0,3.427286,-0.034104,2.517316,11.77243,20,0.90997,-271.375541,,47.736385,0,0,3516953289,6/12/2015,3:28:08 PM,0,3.427286,0.90997,-271.375541,X.X.X,,,,,
Channel 4-640nm narrow,6/12/2015,3:28:08 PM,157,289.211151,0,6,C:\Users\Andrew\Dropbox\Private\Yesmed\Clients\PAHS\CO2 Instrument\COEFFICIENTS\CA_PCB3701_150611_COEFF.CSV,CalCoeff,[06-11-15],15.1,3516953289,3701,0.417149,108.806403,,4,0.000049,-0.000667,0.002196,0.00038,-0.003308,0.047948,-0.197234,-0.029867,0.053273,-0.865874,4.790206,1.752663,0.053273,-0.865874,4.790206,1.752663,,,,4,0.000472,-0.002712,0.005533,-0.002374,-0.014808,0.076464,-0.099597,-0.0141,0.151133,-0.856625,1.664204,-0.698561,0.151133,-0.856625,1.664204,-0.698561,,,,4.210534,4.188808,-2.172548,0.0191,0,4.233098,-0.009785,2.083753,10.829419,20,2.149346,-893.788727,,47.736385,0,0,3516953289,6/12/2015,3:28:08 PM,0,4.233098,2.149346,-893.788727,X.X.X,,,,,
Channel 1-525nm wide,6/12/2015,3:28:08 PM,157.000000,289.211151,0.000000,6.000000,C:\Users\Andrew\Dropbox\Private\Yesmed\Clients\PAHS\CO2 Instrument\COEFFICIENTS\CA_PCB3701_150611_COEFF.CSV,CAL SKIPPED,[06-11-15],74.300003,3521089115.582171,3701,0.959859,5.695458,,4,0.000010,-0.000130,0.000315,-0.000158,-0.001179,0.015904,-0.052977,0.012079,0.029325,-0.438551,1.964841,4.225175,0.029325,-0.438551,1.964841,4.225175,,,,4,0.004675,-0.073356,0.381963,-0.657489,-0.201640,3.236386,-17.123470,29.768965,4.338925,-69.724907,370.245331,-647.490906,4.338925,-69.724907,370.245331,-647.490906,,,,9.613569,9.622629,0.906020,0.070300,0,9.616630,-0.009032,4.360575,6.560669,20,5.256056,-243.593292,,66.350815,20.713650,0.000000,3521089115.582171,6/12/2015,3:28:08 PM,0,9.616630,5.256056,-243.593292,P5.04,CB10-ST1-3301,C26,DGN,PCB-3301,
Channel 2-611nm narrow,6/12/2015,3:28:08 PM,157.000000,289.211151,0.000000,6.000000,C:\Users\Andrew\Dropbox\Private\Yesmed\Clients\PAHS\CO2 Instrument\COEFFICIENTS\CA_PCB3701_150611_COEFF.CSV,CAL SKIPPED,[06-11-15],19.299999,3521089115.582171,3701,0.395695,143.611890,,4,0.000049,-0.000676,0.002367,0.000314,-0.003268,0.047947,-0.204865,-0.030369,0.052203,-0.857497,4.854550,1.905177,0.052203,-0.857497,4.854550,1.905177,,,,4,0.000526,-0.003072,0.006101,-0.002371,-0.016556,0.086323,-0.106959,-0.031048,0.164533,-0.928712,1.704902,-0.612656,0.164533,-0.928712,1.704902,-0.612656,,,,9.479287,9.470285,-0.900286,0.018900,0,9.471648,0.011635,2.240811,11.438369,20,7.230837,790.495209,,66.350815,20.713650,0.000000,3521089115.582171,6/12/2015,3:28:08 PM,0,9.471648,7.230837,790.495209,P5.04,CB10-ST1-3301,C26,DGN,PCB-3301,
Channel 3-605nm wide,6/12/2015,3:28:08 PM,157.000000,289.211151,0.000000,6.000000,C:\Users\Andrew\Dropbox\Private\Yesmed\Clients\PAHS\CO2 Instrument\COEFFICIENTS\CA_PCB3701_150611_COEFF.CSV,CAL SKIPPED,[06-11-15],44.099998,3521089115.582171,3701,0.443164,203.141618,,4,0.000050,-0.000687,0.002457,0.000390,-0.003209,0.047522,-0.207430,-0.036460,0.049660,-0.823560,4.750866,2.188774,0.049660,-0.823560,4.750866,2.188774,,,,4,0.000690,-0.004312,0.009323,-0.004876,-0.022393,0.128071,-0.204469,0.029466,0.217550,-1.307486,2.609002,-1.309471,0.217550,-1.307486,2.609002,-1.309471,,,,3.405761,3.418207,1.244582,0.048100,0,3.427286,-0.034104,2.517316,11.772430,20,0.909970,-271.375541,,66.350815,20.713650,0.000000,3521089115.582171,6/12/2015,3:28:08 PM,0,3.427286,0.909970,-271.375541,P5.04,CB10-ST1-3301,C26,DGN,PCB-3301,
Channel 4-640nm narrow,6/12/2015,3:28:08 PM,157.000000,289.211151,0.000000,6.000000,C:\Users\Andrew\Dropbox\Private\Yesmed\Clients\PAHS\CO2 Instrument\COEFFICIENTS\CA_PCB3701_150611_COEFF.CSV,CAL SKIPPED,[06-11-15],15.100000,3521089115.582171,3701,0.417149,108.806403,,4,0.000049,-0.000667,0.002196,0.000380,-0.003308,0.047948,-0.197234,-0.029867,0.053273,-0.865874,4.790206,1.752663,0.053273,-0.865874,4.790206,1.752663,,,,4,0.000472,-0.002712,0.005533,-0.002374,-0.014808,0.076464,-0.099597,-0.014100,0.151133,-0.856625,1.664204,-0.698561,0.151133,-0.856625,1.664204,-0.698561,,,,4.210534,4.188808,-2.172548,0.019100,0,4.233098,-0.009785,2.083753,10.829419,20,2.149346,-893.788727,,66.350815,20.713650,0.000000,3521089115.582171,6/12/2015,3:28:08 PM,0,4.233098,2.149346,-893.788727,P5.04,CB10-ST1-3301,C26,DGN,PCB-3301,
Channel 1-640nm narrow,,,0.000000,58.599754,21.963670,5.800000,C:\Users\PAHS\Google Drive\PAHS - Tech Dev\Consultants\LabView\CharacterizationCoeff\CB_PCB3901_150728_COEFF_D104_ONLY.csv,CalCoeff,[07-28-15],0.000000,0.000000,3901,0.000000,0.000000,,0,0.000000,0.000000,0.000000,0.000000,0.000000,0.000000,0.000000,0.000000,0.000000,0.000000,0.000000,0.000000,0.000000,0.000000,0.000000,0.000000,,,,0,0.000000,0.000000,0.000000,0.000000,0.000000,0.000000,0.000000,0.000000,0.000000,0.000000,0.000000,0.000000,0.000000,0.000000,0.000000,0.000000,,,,0.000000,0.000000,0.000000,0.000000,0,0.000000,0.000000,0.000000,0.000000,50,0.000000,0.000000,,55.562027,21.935837,0.000000,0.000000,,,0,0.000000,0.000000,0.000000,P5.0.5,CB10-ST1-3301,C26,DGN,PCB-3301,
Channel 2-640nm narrow,,,0.000000,58.599754,21.963670,5.800000,C:\Users\PAHS\Google Drive\PAHS - Tech Dev\Consultants\LabView\CharacterizationCoeff\CB_PCB3901_150728_COEFF_D104_ONLY.csv,CalCoeff,[07-28-15],0.000000,0.000000,3901,0.000000,0.000000,,0,0.000000,0.000000,0.000000,0.000000,0.000000,0.000000,0.000000,0.000000,0.000000,0.000000,0.000000,0.000000,0.000000,0.000000,0.000000,0.000000,,,,0,0.000000,0.000000,0.000000,0.000000,0.000000,0.000000,0.000000,0.000000,0.000000,0.000000,0.000000,0.000000,0.000000,0.000000,0.000000,0.000000,,,,0.000000,0.000000,0.000000,0.000000,0,0.000000,0.000000,0.000000,0.000000,50,0.000000,0.000000,,55.562027,21.935837,0.000000,0.000000,,,0,0.000000,0.000000,0.000000,P5.0.5,CB10-ST1-3301,C26,DGN,PCB-3301,
Channel 3-645nm wide,,,0.000000,58.599754,21.963670,5.800000,C:\Users\PAHS\Google Drive\PAHS - Tech Dev\Consultants\LabView\CharacterizationCoeff\CB_PCB3901_150728_COEFF_D104_ONLY.csv,CalCoeff,[07-28-15],0.000000,0.000000,3901,0.000000,0.000000,,0,0.000000,0.000000,0.000000,0.000000,0.000000,0.000000,0.000000,0.000000,0.000000,0.000000,0.000000,0.000000,0.000000,0.000000,0.000000,0.000000,,,,0,0.000000,0.000000,0.000000,0.000000,0.000000,0.000000,0.000000,0.000000,0.000000,0.000000,0.000000,0.000000,0.000000,0.000000,0.000000,0.000000,,,,0.000000,0.000000,0.000000,0.000000,0,0.000000,0.000000,0.000000,0.000000,50,0.000000,0.000000,,55.562027,21.935837,0.000000,0.000000,,,0,0.000000,0.000000,0.000000,P5.0.5,CB10-ST1-3301,C26,DGN,PCB-3301,
Channel 4-640nm narrow,7/30/2015,10:52:11 AM,238.000000,58.599754,21.963670,5.800000,C:\Users\PAHS\Google Drive\PAHS - Tech Dev\Consultants\LabView\CharacterizationCoeff\CB_PCB3901_150728_COEFF_D104_ONLY.csv,CalCoeff,[07-28-15],15.000000,3521094731.582388,3901,0.081141,5.854562,,4,0.000000,-0.000000,0.000000,-0.000000,-0.001147,0.020138,-0.118400,-0.011437,0.032283,-0.611990,4.320259,1.448233,0.007097,-0.169696,1.719764,1.197042,,,,4,0.000089,-0.000667,0.005247,-0.005101,-0.002566,0.026416,-0.193614,0.189008,0.037188,-0.425755,2.757844,-2.738221,0.023821,-0.167271,1.036373,-1.047757,,,,0.624413,1.913782,128.936883,0.010800,108,1.414833,6.933489,1.316597,6.847746,50,0.098236,1.002264,,55.562027,21.935837,0.000000,3521094731.582388,7/30/2015,10:52:11 AM,0,1.414833,0.098236,1.002264,P5.0.5,CB10-ST1-3301,C26,DGN,PCB-3301,
Channel 1-640nm narrow,,,0.000000,62.021900,23.192602,5.800000,C:\Users\PAHS\Google Drive\PAHS - Tech Dev\Consultants\LabView\CharacterizationCoeff\CB_PCB3901_150728_COEFF_D104_ONLY.csv,CalCoeff,[07-28-15],0.000000,0.000000,3901,0.000000,0.000000,,0,0.000000,0.000000,0.000000,0.000000,0.000000,0.000000,0.000000,0.000000,0.000000,0.000000,0.000000,0.000000,0.000000,0.000000,0.000000,0.000000,,,,0,0.000000,0.000000,0.000000,0.000000,0.000000,0.000000,0.000000,0.000000,0.000000,0.000000,0.000000,0.000000,0.000000,0.000000,0.000000,0.000000,,,,0.000000,0.000000,0.000000,0.000000,0,0.000000,0.000000,0.000000,0.000000,50,0.000000,0.000000,,63.096539,22.970387,0.000000,0.000000,,,0,0.000000,0.000000,0.000000,P5.0.5,CB10-ST1-3301,C26,DGN,PCB-3301,
Channel 2-640nm narrow,,,0.000000,62.021900,23.192602,5.800000,C:\Users\PAHS\Google Drive\PAHS - Tech Dev\Consultants\LabView\CharacterizationCoeff\CB_PCB3901_150728_COEFF_D104_ONLY.csv,CalCoeff,[07-28-15],0.000000,0.000000,3901,0.000000,0.000000,,0,0.000000,0.000000,0.000000,0.000000,0.000000,0.000000,0.000000,0.000000,0.000000,0.000000,0.000000,0.000000,0.000000,0.000000,0.000000,0.000000,,,,0,0.000000,0.000000,0.000000,0.000000,0.000000,0.000000,0.000000,0.000000,0.000000,0.000000,0.000000,0.000000,0.000000,0.000000,0.000000,0.000000,,,,0.000000,0.000000,0.000000,0.000000,0,0.000000,0.000000,0.000000,0.000000,50,0.000000,0.000000,,63.096539,22.970387,0.000000,0.000000,,,0,0.000000,0.000000,0.000000,P5.0.5,CB10-ST1-3301,C26,DGN,PCB-3301,
Channel 3-645nm wide,,,0.000000,62.021900,23.192602,5.800000,C:\Users\PAHS\Google Drive\PAHS - Tech Dev\Consultants\LabView\CharacterizationCoeff\CB_PCB3901_150728_COEFF_D104_ONLY.csv,CalCoeff,[07-28-15],0.000000,0.000000,3901,0.000000,0.000000,,0,0.000000,0.000000,0.000000,0.000000,0.000000,0.000000,0.000000,0.000000,0.000000,0.000000,0.000000,0.000000,0.000000,0.000000,0.000000,0.000000,,,,0,0.000000,0.000000,0.000000,0.000000,0.000000,0.000000,0.000000,0.000000,0.000000,0.000000,0.000000,0.000000,0.000000,0.000000,0.000000,0.000000,,,,0.000000,0.000000,0.000000,0.000000,0,0.000000,0.000000,0.000000,0.000000,50,0.000000,0.000000,,63.096539,22.970387,0.000000,0.000000,,,0,0.000000,0.000000,0.000000,P5.0.5,CB10-ST1-3301,C26,DGN,PCB-3301,
Channel 4-640nm narrow,7/30/2015,11:15:57 AM,194.000000,62.021900,23.192602,5.800000,C:\Users\PAHS\Google Drive\PAHS - Tech Dev\Consultants\LabView\CharacterizationCoeff\CB_PCB3901_150728_COEFF_D104_ONLY.csv,CalCoeff,[07-28-15],15.000000,3521096157.982973,3901,0.077989,5.858782,,4,0.000000,-0.000000,0.000000,-0.000000,-0.001147,0.020138,-0.118400,-0.011437,0.032283,-0.611990,4.320259,1.448233,0.005687,-0.144949,1.574259,1.182987,,,,4,0.000089,-0.000667,0.005247,-0.005101,-0.002566,0.026416,-0.193614,0.189008,0.037188,-0.425755,2.757844,-2.738221,0.025613,-0.171816,1.089592,-1.098566,,,,0.649608,1.940580,129.097178,0.010700,107,1.393522,6.610679,1.292477,6.547309,50,0.101045,1.007221,,63.096539,22.970387,0.000000,3521096157.982973,7/30/2015,11:15:57 AM,0,1.393522,0.101045,1.007221,P5.0.5,CB10-ST1-3301,C26,DGN,PCB-3301,
Channel 1-640nm narrow,,,0.000000,81.519737,22.401927,5.800000,C:\Users\PAHS\Google Drive\PAHS - Tech Dev\Consultants\LabView\CharacterizationCoeff\CB_PCB3901_150728_COEFF_D104_ONLY.csv,CalCoeff,[07-28-15],0.000000,0.000000,3901,0.000000,0.000000,,0,0.000000,0.000000,0.000000,0.000000,0.000000,0.000000,0.000000,0.000000,0.000000,0.000000,0.000000,0.000000,0.000000,0.000000,0.000000,0.000000,,,,0,0.000000,0.000000,0.000000,0.000000,0.000000,0.000000,0.000000,0.000000,0.000000,0.000000,0.000000,0.000000,0.000000,0.000000,0.000000,0.000000,,,,0.000000,0.000000,0.000000,0.000000,0,0.000000,0.000000,0.000000,0.000000,50,0.000000,0.000000,,79.190468,22.392964,0.000000,0.000000,,,0,0.000000,0.000000,0.000000,P5.0.5,CB10-ST1-3301,C26,DGN,PCB-3301,
Channel 2-640nm narrow,,,0.000000,81.519737,22.401927,5.800000,C:\Users\PAHS\Google Drive\PAHS - Tech Dev\Consultants\LabView\CharacterizationCoeff\CB_PCB3901_150728_COEFF_D104_ONLY.csv,CalCoeff,[07-28-15],0.000000,0.000000,3901,0.000000,0.000000,,0,0.000000,0.000000,0.000000,0.000000,0.000000,0.000000,0.000000,0.000000,0.000000,0.000000,0.000000,0.000000,0.000000,0.000000,0.000000,0.000000,,,,0,0.000000,0.000000,0.000000,0.000000,0.000000,0.000000,0.000000,0.000000,0.000000,0.000000,0.000000,0.000000,0.000000,0.000000,0.000000,0.000000,,,,0.000000,0.000000,0.000000,0.000000,0,0.000000,0.000000,0.000000,0.000000,50,0.000000,0.000000,,79.190468,22.392964,0.000000,0.000000,,,0,0.000000,0.000000,0.000000,P5.0.5,CB10-ST1-3301,C26,DGN,PCB-3301,
Channel 3-645nm wide,,,0.000000,81.519737,22.401927,5.800000,C:\Users\PAHS\Google Drive\PAHS - Tech Dev\Consultants\LabView\CharacterizationCoeff\CB_PCB3901_150728_COEFF_D104_ONLY.csv,CalCoeff,[07-28-15],0.000000,0.000000,3901,0.000000,0.000000,,0,0.000000,0.000000,0.000000,0.000000,0.000000,0.000000,0.000000,0.000000,0.000000,0.000000,0.000000,0.000000,0.000000,0.000000,0.000000,0.000000,,,,0,0.000000,0.000000,0.000000,0.000000,0.000000,0.000000,0.000000,0.000000,0.000000,0.000000,0.000000,0.000000,0.000000,0.000000,0.000000,0.000000,,,,0.000000,0.000000,0.000000,0.000000,0,0.000000,0.000000,0.000000,0.000000,50,0.000000,0.000000,,79.190468,22.392964,0.000000,0.000000,,,0,0.000000,0.000000,0.000000,P5.0.5,CB10-ST1-3301,C26,DGN,PCB-3301,
Channel 4-640nm narrow,7/30/2015,11:34:26 AM,219.000000,81.519737,22.401927,5.800000,C:\Users\PAHS\Google Drive\PAHS - Tech Dev\Consultants\LabView\CharacterizationCoeff\CB_PCB3901_150728_COEFF_D104_ONLY.csv,CalCoeff,[07-28-15],15.000000,3521097266.582382,3901,0.080022,5.856016,,4,0.000000,-0.000000,0.000000,-0.000000,-0.001147,0.020138,-0.118400,-0.011437,0.032283,-0.611990,4.320259,1.448233,0.006594,-0.160871,1.667875,1.192030,,,,4,0.000089,-0.000667,0.005247,-0.005101,-0.002566,0.026416,-0.193614,0.189008,0.037188,-0.425755,2.757844,-2.738221,0.024430,-0.168661,1.053533,-1.064109,,,,0.621742,1.906528,128.478605,0.011000,110,1.412963,6.883736,1.307995,6.740605,50,0.104968,0.993024,,79.190468,22.392964,0.000000,3521097266.582382,7/30/2015,11:34:26 AM,0,1.412963,0.104968,0.993024,P5.0.5,CB10-ST1-3301,C26,DGN,PCB-3301,
Channel 1-640nm narrow,,,0.000000,61.988922,22.054246,5.800000,C:\Users\PAHS\Google Drive\PAHS - Tech Dev\Consultants\LabView\CharacterizationCoeff\CB_PCB3901_150728_COEFF_D104_ONLY.csv,CalCoeff,[07-28-15],0.000000,0.000000,3901,0.000000,0.000000,,0,0.000000,0.000000,0.000000,0.000000,0.000000,0.000000,0.000000,0.000000,0.000000,0.000000,0.000000,0.000000,0.000000,0.000000,0.000000,0.000000,,,,0,0.000000,0.000000,0.000000,0.000000,0.000000,0.000000,0.000000,0.000000,0.000000,0.000000,0.000000,0.000000,0.000000,0.000000,0.000000,0.000000,,,,0.000000,0.000000,0.000000,0.000000,0,0.000000,0.000000,0.000000,0.000000,50,0.000000,0.000000,,62.612358,22.112272,0.000000,0.000000,,,0,0.000000,0.000000,0.000000,P5.0.5,CB11-ST1-3301,C24,DGN,PCB-3401,
Channel 2-640nm narrow,,,0.000000,61.988922,22.054246,5.800000,C:\Users\PAHS\Google Drive\PAHS - Tech Dev\Consultants\LabView\CharacterizationCoeff\CB_PCB3901_150728_COEFF_D104_ONLY.csv,CalCoeff,[07-28-15],0.000000,0.000000,3901,0.000000,0.000000,,0,0.000000,0.000000,0.000000,0.000000,0.000000,0.000000,0.000000,0.000000,0.000000,0.000000,0.000000,0.000000,0.000000,0.000000,0.000000,0.000000,,,,0,0.000000,0.000000,0.000000,0.000000,0.000000,0.000000,0.000000,0.000000,0.000000,0.000000,0.000000,0.000000,0.000000,0.000000,0.000000,0.000000,,,,0.000000,0.000000,0.000000,0.000000,0,0.000000,0.000000,0.000000,0.000000,50,0.000000,0.000000,,62.612358,22.112272,0.000000,0.000000,,,0,0.000000,0.000000,0.000000,P5.0.5,CB11-ST1-3301,C24,DGN,PCB-3401,
Channel 3-645nm wide,,,0.000000,61.988922,22.054246,5.800000,C:\Users\PAHS\Google Drive\PAHS - Tech Dev\Consultants\LabView\CharacterizationCoeff\CB_PCB3901_150728_COEFF_D104_ONLY.csv,CalCoeff,[07-28-15],0.000000,0.000000,3901,0.000000,0.000000,,0,0.000000,0.000000,0.000000,0.000000,0.000000,0.000000,0.000000,0.000000,0.000000,0.000000,0.000000,0.000000,0.000000,0.000000,0.000000,0.000000,,,,0,0.000000,0.000000,0.000000,0.000000,0.000000,0.000000,0.000000,0.000000,0.000000,0.000000,0.000000,0.000000,0.000000,0.000000,0.000000,0.000000,,,,0.000000,0.000000,0.000000,0.000000,0,0.000000,0.000000,0.000000,0.000000,50,0.000000,0.000000,,62.612358,22.112272,0.000000,0.000000,,,0,0.000000,0.000000,0.000000,P5.0.5,CB11-ST1-3301,C24,DGN,PCB-3401,
Channel 4-640nm narrow,7/30/2015,12:13:25 PM,210.000000,61.988922,22.054246,5.800000,C:\Users\PAHS\Google Drive\PAHS - Tech Dev\Consultants\LabView\CharacterizationCoeff\CB_PCB3901_150728_COEFF_D104_ONLY.csv,CalCoeff,[07-28-15],15.000000,3521099605.983188,3901,0.080908,5.854826,,4,0.000000,-0.000000,0.000000,-0.000000,-0.001147,0.020138,-0.118400,-0.011437,0.032283,-0.611990,4.320259,1.448233,0.006993,-0.167872,1.709040,1.196006,,,,4,0.000089,-0.000667,0.005247,-0.005101,-0.002566,0.026416,-0.193614,0.189008,0.037188,-0.425755,2.757844,-2.738221,0.023944,-0.167537,1.039754,-1.050976,,,,0.398520,1.202298,80.377736,0.021600,214,1.721079,7.252477,1.314819,6.825603,50,0.406260,0.996273,,62.612358,22.112272,0.000000,3521099605.983188,7/30/2015,12:13:25 PM,0,1.721079,0.406260,0.996273,P5.0.5,CB11-ST1-3301,C24,DGN,PCB-3401,
Channel 1-640nm narrow,,,0.000000,66.639236,21.696187,5.800000,C:\Users\PAHS\Google Drive\PAHS - Tech Dev\Consultants\LabView\CharacterizationCoeff\CB_PCB3901_150728_COEFF_D104_ONLY.csv,CalCoeff,[07-28-15],0.000000,0.000000,3901,0.000000,0.000000,,0,0.000000,0.000000,0.000000,0.000000,0.000000,0.000000,0.000000,0.000000,0.000000,0.000000,0.000000,0.000000,0.000000,0.000000,0.000000,0.000000,,,,0,0.000000,0.000000,0.000000,0.000000,0.000000,0.000000,0.000000,0.000000,0.000000,0.000000,0.000000,0.000000,0.000000,0.000000,0.000000,0.000000,,,,0.000000,0.000000,0.000000,0.000000,0,0.000000,0.000000,0.000000,0.000000,50,0.000000,0.000000,,64.715057,21.727323,0.000000,0.000000,,,0,0.000000,0.000000,0.000000,P5.0.5,CB12-ST1-3701,C25,DGN,PCB-3701,
Channel 2-640nm narrow,,,0.000000,66.639236,21.696187,5.800000,C:\Users\PAHS\Google Drive\PAHS - Tech Dev\Consultants\LabView\CharacterizationCoeff\CB_PCB3901_150728_COEFF_D104_ONLY.csv,CalCoeff,[07-28-15],0.000000,0.000000,3901,0.000000,0.000000,,0,0.000000,0.000000,0.000000,0.000000,0.000000,0.000000,0.000000,0.000000,0.000000,0.000000,0.000000,0.000000,0.000000,0.000000,0.000000,0.000000,,,,0,0.000000,0.000000,0.000000,0.000000,0.000000,0.000000,0.000000,0.000000,0.000000,0.000000,0.000000,0.000000,0.000000,0.000000,0.000000,0.000000,,,,0.000000,0.000000,0.000000,0.000000,0,0.000000,0.000000,0.000000,0.000000,50,0.000000,0.000000,,64.715057,21.727323,0.000000,0.000000,,,0,0.000000,0.000000,0.000000,P5.0.5,CB12-ST1-3701,C25,DGN,PCB-3701,
Channel 3-645nm wide,,,0.000000,66.639236,21.696187,5.800000,C:\Users\PAHS\Google Drive\PAHS - Tech Dev\Consultants\LabView\CharacterizationCoeff\CB_PCB3901_150728_COEFF_D104_ONLY.csv,CalCoeff,[07-28-15],0.000000,0.000000,3901,0.000000,0.000000,,0,0.000000,0.000000,0.000000,0.000000,0.000000,0.000000,0.000000,0.000000,0.000000,0.000000,0.000000,0.000000,0.000000,0.000000,0.000000,0.000000,,,,0,0.000000,0.000000,0.000000,0.000000,0.000000,0.000000,0.000000,0.000000,0.000000,0.000000,0.000000,0.000000,0.000000,0.000000,0.000000,0.000000,,,,0.000000,0.000000,0.000000,0.000000,0,0.000000,0.000000,0.000000,0.000000,50,0.000000,0.000000,,64.715057,21.727323,0.000000,0.000000,,,0,0.000000,0.000000,0.000000,P5.0.5,CB12-ST1-3701,C25,DGN,PCB-3701,
Channel 4-640nm narrow,7/30/2015,1:31:17 PM,173.000000,66.639236,21.696187,5.800000,C:\Users\PAHS\Google Drive\PAHS - Tech Dev\Consultants\LabView\CharacterizationCoeff\CB_PCB3901_150728_COEFF_D104_ONLY.csv,CalCoeff,[07-28-15],15.000000,3521104277.183365,3901,0.081843,5.853959,,4,0.000000,-0.000000,0.000000,-0.000000,-0.001147,0.020138,-0.118400,-0.011437,0.032283,-0.611990,4.320259,1.448233,0.007403,-0.175083,1.751434,1.200101,,,,4,0.000089,-0.000667,0.005247,-0.005101,-0.002566,0.026416,-0.193614,0.189008,0.037188,-0.425755,2.757844,-2.738221,0.023467,-0.166549,1.026889,-1.038740,,,,0.461118,1.402811,94.169281,0.015600,155,1.475704,7.075207,1.321846,6.913138,50,0.153858,0.998534,,64.715057,21.727323,0.000000,3521104277.183365,7/30/2015,1:31:17 PM,0,1.475704,0.153858,0.998534,P5.0.5,CB12-ST1-3701,C25,DGN,PCB-3701,
Channel 1-640nm narrow,,,0.000000,72.436371,22.116518,5.800000,C:\Users\PAHS\Google Drive\PAHS - Tech Dev\Consultants\LabView\CharacterizationCoeff\CB_PCB3901_150728_COEFF_D104_ONLY.csv,CalCoeff,[07-28-15],0.000000,0.000000,3901,0.000000,0.000000,,0,0.000000,0.000000,0.000000,0.000000,0.000000,0.000000,0.000000,0.000000,0.000000,0.000000,0.000000,0.000000,0.000000,0.000000,0.000000,0.000000,,,,0,0.000000,0.000000,0.000000,0.000000,0.000000,0.000000,0.000000,0.000000,0.000000,0.000000,0.000000,0.000000,0.000000,0.000000,0.000000,0.000000,,,,0.000000,0.000000,0.000000,0.000000,0,0.000000,0.000000,0.000000,0.000000,50,0.000000,0.000000,,70.010796,21.967916,0.000000,0.000000,,,0,0.000000,0.000000,0.000000,P5.0.5,CB13-ST1-3402,C30,DGN,PCB-3701,
Channel 2-640nm narrow,,,0.000000,72.436371,22.116518,5.800000,C:\Users\PAHS\Google Drive\PAHS - Tech Dev\Consultants\LabView\CharacterizationCoeff\CB_PCB3901_150728_COEFF_D104_ONLY.csv,CalCoeff,[07-28-15],0.000000,0.000000,3901,0.000000,0.000000,,0,0.000000,0.000000,0.000000,0.000000,0.000000,0.000000,0.000000,0.000000,0.000000,0.000000,0.000000,0.000000,0.000000,0.000000,0.000000,0.000000,,,,0,0.000000,0.000000,0.000000,0.000000,0.000000,0.000000,0.000000,0.000000,0.000000,0.000000,0.000000,0.000000,0.000000,0.000000,0.000000,0.000000,,,,0.000000,0.000000,0.000000,0.000000,0,0.000000,0.000000,0.000000,0.000000,50,0.000000,0.000000,,70.010796,21.967916,0.000000,0.000000,,,0,0.000000,0.000000,0.000000,P5.0.5,CB13-ST1-3402,C30,DGN,PCB-3701,
Channel 3-645nm wide,,,0.000000,72.436371,22.116518,5.800000,C:\Users\PAHS\Google Drive\PAHS - Tech Dev\Consultants\LabView\CharacterizationCoeff\CB_PCB3901_150728_COEFF_D104_ONLY.csv,CalCoeff,[07-28-15],0.000000,0.000000,3901,0.000000,0.000000,,0,0.000000,0.000000,0.000000,0.000000,0.000000,0.000000,0.000000,0.000000,0.000000,0.000000,0.000000,0.000000,0.000000,0.000000,0.000000,0.000000,,,,0,0.000000,0.000000,0.000000,0.000000,0.000000,0.000000,0.000000,0.000000,0.000000,0.000000,0.000000,0.000000,0.000000,0.000000,0.000000,0.000000,,,,0.000000,0.000000,0.000000,0.000000,0,0.000000,0.000000,0.000000,0.000000,50,0.000000,0.000000,,70.010796,21.967916,0.000000,0.000000,,,0,0.000000,0.000000,0.000000,P5.0.5,CB13-ST1-3402,C30,DGN,PCB-3701,
Channel 4-640nm narrow,7/30/2015,2:13:03 PM,201.000000,72.436371,22.116518,5.800000,C:\Users\PAHS\Google Drive\PAHS - Tech Dev\Consultants\LabView\CharacterizationCoeff\CB_PCB3901_150728_COEFF_D104_ONLY.csv,CalCoeff,[07-28-15],15.000000,3521106783.382711,3901,0.080748,5.855021,,4,0.000000,-0.000000,0.000000,-0.000000,-0.001147,0.020138,-0.118400,-0.011437,0.032283,-0.611990,4.320259,1.448233,0.006921,-0.166618,1.701667,1.195294,,,,4,0.000089,-0.000667,0.005247,-0.005101,-0.002566,0.026416,-0.193614,0.189008,0.037188,-0.425755,2.757844,-2.738221,0.024030,-0.167727,1.042129,-1.053237,,,,0.511898,1.553077,104.117856,0.018900,188,1.955767,7.470808,1.313597,6.810379,50,0.642170,0.996689,,70.010796,21.967916,0.000000,3521106783.382711,7/30/2015,2:13:03 PM,0,1.955767,0.642170,0.996689,P5.0.5,CB13-ST1-3402,C30,DGN,PCB-3701,
Channel 1-640nm narrow,,,0.000000,59.786354,22.548642,5.800000,C:\Users\PAHS\Google Drive\PAHS - Tech Dev\Consultants\LabView\CharacterizationCoeff\CB_PCB3901_150728_COEFF_D104_ONLY.csv,CalCoeff,[07-28-15],0.000000,0.000000,3901,0.000000,0.000000,,0,0.000000,0.000000,0.000000,0.000000,0.000000,0.000000,0.000000,0.000000,0.000000,0.000000,0.000000,0.000000,0.000000,0.000000,0.000000,0.000000,,,,0,0.000000,0.000000,0.000000,0.000000,0.000000,0.000000,0.000000,0.000000,0.000000,0.000000,0.000000,0.000000,0.000000,0.000000,0.000000,0.000000,,,,0.000000,0.000000,0.000000,0.000000,0,0.000000,0.000000,0.000000,0.000000,50,0.000000,0.000000,,62.056248,22.521280,0.000000,0.000000,,,0,0.000000,0.000000,0.000000,P5.0.5,CB14-ST1-3702,C31,DGN,PCB-3702,
Channel 2-640nm narrow,,,0.000000,59.786354,22.548642,5.800000,C:\Users\PAHS\Google Drive\PAHS - Tech Dev\Consultants\LabView\CharacterizationCoeff\CB_PCB3901_150728_COEFF_D104_ONLY.csv,CalCoeff,[07-28-15],0.000000,0.000000,3901,0.000000,0.000000,,0,0.000000,0.000000,0.000000,0.000000,0.000000,0.000000,0.000000,0.000000,0.000000,0.000000,0.000000,0.000000,0.000000,0.000000,0.000000,0.000000,,,,0,0.000000,0.000000,0.000000,0.000000,0.000000,0.000000,0.000000,0.000000,0.000000,0.000000,0.000000,0.000000,0.000000,0.000000,0.000000,0.000000,,,,0.000000,0.000000,0.000000,0.000000,0,0.000000,0.000000,0.000000,0.000000,50,0.000000,0.000000,,62.056248,22.521280,0.000000,0.000000,,,0,0.000000,0.000000,0.000000,P5.0.5,CB14-ST1-3702,C31,DGN,PCB-3702,
Channel 3-645nm wide,,,0.000000,59.786354,22.548642,5.800000,C:\Users\PAHS\Google Drive\PAHS - Tech Dev\Consultants\LabView\CharacterizationCoeff\CB_PCB3901_150728_COEFF_D104_ONLY.csv,CalCoeff,[07-28-15],0.000000,0.000000,3901,0.000000,0.000000,,0,0.000000,0.000000,0.000000,0.000000,0.000000,0.000000,0.000000,0.000000,0.000000,0.000000,0.000000,0.000000,0.000000,0.000000,0.000000,0.000000,,,,0,0.000000,0.000000,0.000000,0.000000,0.000000,0.000000,0.000000,0.000000,0.000000,0.000000,0.000000,0.000000,0.000000,0.000000,0.000000,0.000000,,,,0.000000,0.000000,0.000000,0.000000,0,0.000000,0.000000,0.000000,0.000000,50,0.000000,0.000000,,62.056248,22.521280,0.000000,0.000000,,,0,0.000000,0.000000,0.000000,P5.0.5,CB14-ST1-3702,C31,DGN,PCB-3702,
Channel 4-640nm narrow,7/30/2015,2:52:07 PM,313.000000,59.786354,22.548642,5.800000,C:\Users\PAHS\Google Drive\PAHS - Tech Dev\Consultants\LabView\CharacterizationCoeff\CB_PCB3901_150728_COEFF_D104_ONLY.csv,CalCoeff,[07-28-15],15.000000,3521109127.782804,3901,0.079651,5.856564,,4,0.000000,-0.000000,0.000000,-0.000000,-0.001147,0.020138,-0.118400,-0.011437,0.032283,-0.611990,4.320259,1.448233,0.006426,-0.157917,1.650504,1.190352,,,,4,0.000089,-0.000667,0.005247,-0.005101,-0.002566,0.026416,-0.193614,0.189008,0.037188,-0.425755,2.757844,-2.738221,0.024641,-0.169183,1.059728,-1.070021,,,,0.489211,1.498844,100.963329,0.015900,158,1.598247,7.034229,1.305116,6.704738,50,0.293132,0.993311,,62.056248,22.521280,0.000000,3521109127.782804,7/30/2015,2:52:07 PM,0,1.598247,0.293132,0.993311,P5.0.5,CB14-ST1-3702,C31,DGN,PCB-3702,
Channel 1-640nm narrow,,,0.000000,81.519737,22.401927,5.800000,C:\Users\PAHS\Google Drive\PAHS - Tech Dev\Consultants\LabView\CharacterizationCoeff\CB_PCB3901_150728_COEFF_D104_ONLY.csv,CalCoeff,[07-28-15],0.000000,0.000000,3901,0.000000,0.000000,,0,0.000000,0.000000,0.000000,0.000000,0.000000,0.000000,0.000000,0.000000,0.000000,0.000000,0.000000,0.000000,0.000000,0.000000,0.000000,0.000000,,,,0,0.000000,0.000000,0.000000,0.000000,0.000000,0.000000,0.000000,0.000000,0.000000,0.000000,0.000000,0.000000,0.000000,0.000000,0.000000,0.000000,,,,0.000000,0.000000,0.000000,0.000000,0,0.000000,0.000000,0.000000,0.000000,50,0.000000,0.000000,,82.295898,22.176430,0.000000,3521112130.382542,7/30/2015,3:42:10 PM,1,0.085392,0.085392,-0.000000,P5.0.5,CB10-ST2-3301-Z1,C26,DGN,PCB-3301,
Channel 2-640nm narrow,,,0.000000,81.519737,22.401927,5.800000,C:\Users\PAHS\Google Drive\PAHS - Tech Dev\Consultants\LabView\CharacterizationCoeff\CB_PCB3901_150728_COEFF_D104_ONLY.csv,CalCoeff,[07-28-15],0.000000,0.000000,3901,0.000000,0.000000,,0,0.000000,0.000000,0.000000,0.000000,0.000000,0.000000,0.000000,0.000000,0.000000,0.000000,0.000000,0.000000,0.000000,0.000000,0.000000,0.000000,,,,0,0.000000,0.000000,0.000000,0.000000,0.000000,0.000000,0.000000,0.000000,0.000000,0.000000,0.000000,0.000000,0.000000,0.000000,0.000000,0.000000,,,,0.000000,0.000000,0.000000,0.000000,0,0.000000,0.000000,0.000000,0.000000,50,0.000000,0.000000,,82.295898,22.176430,0.000000,3521112130.382542,7/30/2015,3:42:10 PM,1,0.000000,0.000000,NaN,P5.0.5,CB10-ST2-3301-Z1,C26,DGN,PCB-3301,
Channel 3-645nm wide,,,0.000000,81.519737,22.401927,5.800000,C:\Users\PAHS\Google Drive\PAHS - Tech Dev\Consultants\LabView\CharacterizationCoeff\CB_PCB3901_150728_COEFF_D104_ONLY.csv,CalCoeff,[07-28-15],0.000000,0.000000,3901,0.000000,0.000000,,0,0.000000,0.000000,0.000000,0.000000,0.000000,0.000000,0.000000,0.000000,0.000000,0.000000,0.000000,0.000000,0.000000,0.000000,0.000000,0.000000,,,,0,0.000000,0.000000,0.000000,0.000000,0.000000,0.000000,0.000000,0.000000,0.000000,0.000000,0.000000,0.000000,0.000000,0.000000,0.000000,0.000000,,,,0.000000,0.000000,0.000000,0.000000,0,0.000000,0.000000,0.000000,0.000000,50,0.000000,0.000000,,82.295898,22.176430,0.000000,3521112130.382542,7/30/2015,3:42:10 PM,1,0.000000,0.000000,NaN,P5.0.5,CB10-ST2-3301-Z1,C26,DGN,PCB-3301,
Channel 4-640nm narrow,7/30/2015,11:34:26 AM,219.000000,81.519737,22.401927,5.800000,C:\Users\PAHS\Google Drive\PAHS - Tech Dev\Consultants\LabView\CharacterizationCoeff\CB_PCB3901_150728_COEFF_D104_ONLY.csv,CalCoeff,[07-28-15],15.000000,3521097266.582382,3901,0.080022,5.856016,,4,0.000000,-0.000000,0.000000,-0.000000,-0.001147,0.020138,-0.118400,-0.011437,0.032283,-0.611990,4.320259,1.448233,0.006594,-0.160871,1.667875,1.192030,,,,4,0.000089,-0.000667,0.005247,-0.005101,-0.002566,0.026416,-0.193614,0.189008,0.037188,-0.425755,2.757844,-2.738221,0.024430,-0.168661,1.053533,-1.064109,,,,0.621742,1.906528,128.478605,0.011000,110,1.412963,6.883736,1.307995,6.740605,50,0.104968,0.993024,,82.295898,22.176430,0.000000,3521112130.382542,7/30/2015,3:42:10 PM,1,0.706481,-0.601514,0.879454,P5.0.5,CB10-ST2-3301-Z1,C26,DGN,PCB-3301,
Channel 1-640nm narrow,,,0.000000,61.988922,22.054246,5.800000,C:\Users\PAHS\Google Drive\PAHS - Tech Dev\Consultants\LabView\CharacterizationCoeff\CB_PCB3901_150728_COEFF_D104_ONLY.csv,CalCoeff,[07-28-15],0.000000,0.000000,3901,0.000000,0.000000,,0,0.000000,0.000000,0.000000,0.000000,0.000000,0.000000,0.000000,0.000000,0.000000,0.000000,0.000000,0.000000,0.000000,0.000000,0.000000,0.000000,,,,0,0.000000,0.000000,0.000000,0.000000,0.000000,0.000000,0.000000,0.000000,0.000000,0.000000,0.000000,0.000000,0.000000,0.000000,0.000000,0.000000,,,,0.000000,0.000000,0.000000,0.000000,0,0.000000,0.000000,0.000000,0.000000,50,0.000000,0.000000,,74.774986,22.256628,0.000000,3521113944.183286,7/30/2015,4:12:24 PM,1,0.159678,0.159678,-0.000000,P5.0.5,CB11-ST2-3401-Z1,C24,DGN,PCB-3401,
Channel 2-640nm narrow,,,0.000000,61.988922,22.054246,5.800000,C:\Users\PAHS\Google Drive\PAHS - Tech Dev\Consultants\LabView\CharacterizationCoeff\CB_PCB3901_150728_COEFF_D104_ONLY.csv,CalCoeff,[07-28-15],0.000000,0.000000,3901,0.000000,0.000000,,0,0.000000,0.000000,0.000000,0.000000,0.000000,0.000000,0.000000,0.000000,0.000000,0.000000,0.000000,0.000000,0.000000,0.000000,0.000000,0.000000,,,,0,0.000000,0.000000,0.000000,0.000000,0.000000,0.000000,0.000000,0.000000,0.000000,0.000000,0.000000,0.000000,0.000000,0.000000,0.000000,0.000000,,,,0.000000,0.000000,0.000000,0.000000,0,0.000000,0.000000,0.000000,0.000000,50,0.000000,0.000000,,74.774986,22.256628,0.000000,3521113944.183286,7/30/2015,4:12:24 PM,1,0.000000,0.000000,NaN,P5.0.5,CB11-ST2-3401-Z1,C24,DGN,PCB-3401,
Channel 3-645nm wide,,,0.000000,61.988922,22.054246,5.800000,C:\Users\PAHS\Google Drive\PAHS - Tech Dev\Consultants\LabView\CharacterizationCoeff\CB_PCB3901_150728_COEFF_D104_ONLY.csv,CalCoeff,[07-28-15],0.000000,0.000000,3901,0.000000,0.000000,,0,0.000000,0.000000,0.000000,0.000000,0.000000,0.000000,0.000000,0.000000,0.000000,0.000000,0.000000,0.000000,0.000000,0.000000,0.000000,0.000000,,,,0,0.000000,0.000000,0.000000,0.000000,0.000000,0.000000,0.000000,0.000000,0.000000,0.000000,0.000000,0.000000,0.000000,0.000000,0.000000,0.000000,,,,0.000000,0.000000,0.000000,0.000000,0,0.000000,0.000000,0.000000,0.000000,50,0.000000,0.000000,,74.774986,22.256628,0.000000,3521113944.183286,7/30/2015,4:12:24 PM,1,0.000000,0.000000,NaN,P5.0.5,CB11-ST2-3401-Z1,C24,DGN,PCB-3401,
Channel 4-640nm narrow,7/30/2015,12:13:25 PM,210.000000,61.988922,22.054246,5.800000,C:\Users\PAHS\Google Drive\PAHS - Tech Dev\Consultants\LabView\CharacterizationCoeff\CB_PCB3901_150728_COEFF_D104_ONLY.csv,CalCoeff,[07-28-15],15.000000,3521099605.983188,3901,0.080908,5.854826,,4,0.000000,-0.000000,0.000000,-0.000000,-0.001147,0.020138,-0.118400,-0.011437,0.032283,-0.611990,4.320259,1.448233,0.006993,-0.167872,1.709040,1.196006,,,,4,0.000089,-0.000667,0.005247,-0.005101,-0.002566,0.026416,-0.193614,0.189008,0.037188,-0.425755,2.757844,-2.738221,0.023944,-0.167537,1.039754,-1.050976,,,,0.398520,1.202298,80.377736,0.021600,214,1.721079,7.252477,1.314819,6.825603,50,0.406260,0.996273,,74.774986,22.256628,0.000000,3521113944.183286,7/30/2015,4:12:24 PM,1,0.860540,-0.454279,0.862146,P5.0.5,CB11-ST2-3401-Z1,C24,DGN,PCB-3401,
Channel 1-640nm narrow,,,0.000000,66.639236,21.696187,5.800000,C:\Users\PAHS\Google Drive\PAHS - Tech Dev\Consultants\LabView\CharacterizationCoeff\CB_PCB3901_150728_COEFF_D104_ONLY.csv,CalCoeff,[07-28-15],0.000000,0.000000,3901,0.000000,0.000000,,0,0.000000,0.000000,0.000000,0.000000,0.000000,0.000000,0.000000,0.000000,0.000000,0.000000,0.000000,0.000000,0.000000,0.000000,0.000000,0.000000,,,,0,0.000000,0.000000,0.000000,0.000000,0.000000,0.000000,0.000000,0.000000,0.000000,0.000000,0.000000,0.000000,0.000000,0.000000,0.000000,0.000000,,,,0.000000,0.000000,0.000000,0.000000,0,0.000000,0.000000,0.000000,0.000000,50,0.000000,0.000000,,74.054192,21.855639,0.000000,3521115865.383172,7/30/2015,4:44:25 PM,1,0.063603,0.063603,-0.000000,P5.0.5,CB12-ST2-3701-Z1,C25,DGN,PCB-3701,
Channel 2-640nm narrow,,,0.000000,66.639236,21.696187,5.800000,C:\Users\PAHS\Google Drive\PAHS - Tech Dev\Consultants\LabView\CharacterizationCoeff\CB_PCB3901_150728_COEFF_D104_ONLY.csv,CalCoeff,[07-28-15],0.000000,0.000000,3901,0.000000,0.000000,,0,0.000000,0.000000,0.000000,0.000000,0.000000,0.000000,0.000000,0.000000,0.000000,0.000000,0.000000,0.000000,0.000000,0.000000,0.000000,0.000000,,,,0,0.000000,0.000000,0.000000,0.000000,0.000000,0.000000,0.000000,0.000000,0.000000,0.000000,0.000000,0.000000,0.000000,0.000000,0.000000,0.000000,,,,0.000000,0.000000,0.000000,0.000000,0,0.000000,0.000000,0.000000,0.000000,50,0.000000,0.000000,,74.054192,21.855639,0.000000,3521115865.383172,7/30/2015,4:44:25 PM,1,0.000000,0.000000,NaN,P5.0.5,CB12-ST2-3701-Z1,C25,DGN,PCB-3701,
Channel 3-645nm wide,,,0.000000,66.639236,21.696187,5.800000,C:\Users\PAHS\Google Drive\PAHS - Tech Dev\Consultants\LabView\CharacterizationCoeff\CB_PCB3901_150728_COEFF_D104_ONLY.csv,CalCoeff,[07-28-15],0.000000,0.000000,3901,0.000000,0.000000,,0,0.000000,0.000000,0.000000,0.000000,0.000000,0.000000,0.000000,0.000000,0.000000,0.000000,0.000000,0.000000,0.000000,0.000000,0.000000,0.000000,,,,0,0.000000,0.000000,0.000000,0.000000,0.000000,0.000000,0.000000,0.000000,0.000000,0.000000,0.000000,0.000000,0.000000,0.000000,0.000000,0.000000,,,,0.000000,0.000000,0.000000,0.000000,0,0.000000,0.000000,0.000000,0.000000,50,0.000000,0.000000,,74.054192,21.855639,0.000000,3521115865.383172,7/30/2015,4:44:25 PM,1,0.000000,0.000000,NaN,P5.0.5,CB12-ST2-3701-Z1,C25,DGN,PCB-3701,
Channel 4-640nm narrow,7/30/2015,1:31:17 PM,173.000000,66.639236,21.696187,5.800000,C:\Users\PAHS\Google Drive\PAHS - Tech Dev\Consultants\LabView\CharacterizationCoeff\CB_PCB3901_150728_COEFF_D104_ONLY.csv,CalCoeff,[07-28-15],15.000000,3521104277.183365,3901,0.081843,5.853959,,4,0.000000,-0.000000,0.000000,-0.000000,-0.001147,0.020138,-0.118400,-0.011437,0.032283,-0.611990,4.320259,1.448233,0.007403,-0.175083,1.751434,1.200101,,,,4,0.000089,-0.000667,0.005247,-0.005101,-0.002566,0.026416,-0.193614,0.189008,0.037188,-0.425755,2.757844,-2.738221,0.023467,-0.166549,1.026889,-1.038740,,,,0.461118,1.402811,94.169281,0.015600,155,1.475704,7.075207,1.321846,6.913138,50,0.153858,0.998534,,74.054192,21.855639,0.000000,3521115865.383172,7/30/2015,4:44:25 PM,1,0.737852,-0.583994,0.882275,P5.0.5,CB12-ST2-3701-Z1,C25,DGN,PCB-3701,
Channel 1-640nm narrow,,,0.000000,72.436371,22.116518,5.800000,C:\Users\PAHS\Google Drive\PAHS - Tech Dev\Consultants\LabView\CharacterizationCoeff\CB_PCB3901_150728_COEFF_D104_ONLY.csv,CalCoeff,[07-28-15],0.000000,0.000000,3901,0.000000,0.000000,,0,0.000000,0.000000,0.000000,0.000000,0.000000,0.000000,0.000000,0.000000,0.000000,0.000000,0.000000,0.000000,0.000000,0.000000,0.000000,0.000000,,,,0,0.000000,0.000000,0.000000,0.000000,0.000000,0.000000,0.000000,0.000000,0.000000,0.000000,0.000000,0.000000,0.000000,0.000000,0.000000,0.000000,,,,0.000000,0.000000,0.000000,0.000000,0,0.000000,0.000000,0.000000,0.000000,50,0.000000,0.000000,,79.729767,22.296726,0.000000,3521118170.783033,7/30/2015,5:22:50 PM,1,0.235740,0.235740,-0.000000,P5.0.5,CB13-ST2-3402-Z1,C30,DGN,PCB-3402,
Channel 2-640nm narrow,,,0.000000,72.436371,22.116518,5.800000,C:\Users\PAHS\Google Drive\PAHS - Tech Dev\Consultants\LabView\CharacterizationCoeff\CB_PCB3901_150728_COEFF_D104_ONLY.csv,CalCoeff,[07-28-15],0.000000,0.000000,3901,0.000000,0.000000,,0,0.000000,0.000000,0.000000,0.000000,0.000000,0.000000,0.000000,0.000000,0.000000,0.000000,0.000000,0.000000,0.000000,0.000000,0.000000,0.000000,,,,0,0.000000,0.000000,0.000000,0.000000,0.000000,0.000000,0.000000,0.000000,0.000000,0.000000,0.000000,0.000000,0.000000,0.000000,0.000000,0.000000,,,,0.000000,0.000000,0.000000,0.000000,0,0.000000,0.000000,0.000000,0.000000,50,0.000000,0.000000,,79.729767,22.296726,0.000000,3521118170.783033,7/30/2015,5:22:50 PM,1,0.000000,0.000000,NaN,P5.0.5,CB13-ST2-3402-Z1,C30,DGN,PCB-3402,
Channel 3-645nm wide,,,0.000000,72.436371,22.116518,5.800000,C:\Users\PAHS\Google Drive\PAHS - Tech Dev\Consultants\LabView\CharacterizationCoeff\CB_PCB3901_150728_COEFF_D104_ONLY.csv,CalCoeff,[07-28-15],0.000000,0.000000,3901,0.000000,0.000000,,0,0.000000,0.000000,0.000000,0.000000,0.000000,0.000000,0.000000,0.000000,0.000000,0.000000,0.000000,0.000000,0.000000,0.000000,0.000000,0.000000,,,,0,0.000000,0.000000,0.000000,0.000000,0.000000,0.000000,0.000000,0.000000,0.000000,0.000000,0.000000,0.000000,0.000000,0.000000,0.000000,0.000000,,,,0.000000,0.000000,0.000000,0.000000,0,0.000000,0.000000,0.000000,0.000000,50,0.000000,0.000000,,79.729767,22.296726,0.000000,3521118170.783033,7/30/2015,5:22:50 PM,1,0.000000,0.000000,NaN,P5.0.5,CB13-ST2-3402-Z1,C30,DGN,PCB-3402,
Channel 4-640nm narrow,7/30/2015,2:13:03 PM,201.000000,72.436371,22.116518,5.800000,C:\Users\PAHS\Google Drive\PAHS - Tech Dev\Consultants\LabView\CharacterizationCoeff\CB_PCB3901_150728_COEFF_D104_ONLY.csv,CalCoeff,[07-28-15],15.000000,3521106783.382711,3901,0.080748,5.855021,,4,0.000000,-0.000000,0.000000,-0.000000,-0.001147,0.020138,-0.118400,-0.011437,0.032283,-0.611990,4.320259,1.448233,0.006921,-0.166618,1.701667,1.195294,,,,4,0.000089,-0.000667,0.005247,-0.005101,-0.002566,0.026416,-0.193614,0.189008,0.037188,-0.425755,2.757844,-2.738221,0.024030,-0.167727,1.042129,-1.053237,,,,0.511898,1.553077,104.117856,0.018900,188,1.955767,7.470808,1.313597,6.810379,50,0.642170,0.996689,,79.729767,22.296726,0.000000,3521118170.783033,7/30/2015,5:22:50 PM,1,0.977884,-0.335713,0.846580,P5.0.5,CB13-ST2-3402-Z1,C30,DGN,PCB-3402,
Channel 1-640nm narrow,,,0.000000,59.786354,22.548642,5.800000,C:\Users\PAHS\Google Drive\PAHS - Tech Dev\Consultants\LabView\CharacterizationCoeff\CB_PCB3901_150728_COEFF_D104_ONLY.csv,CalCoeff,[07-28-15],0.000000,0.000000,3901,0.000000,0.000000,,0,0.000000,0.000000,0.000000,0.000000,0.000000,0.000000,0.000000,0.000000,0.000000,0.000000,0.000000,0.000000,0.000000,0.000000,0.000000,0.000000,,,,0,0.000000,0.000000,0.000000,0.000000,0.000000,0.000000,0.000000,0.000000,0.000000,0.000000,0.000000,0.000000,0.000000,0.000000,0.000000,0.000000,,,,0.000000,0.000000,0.000000,0.000000,0,0.000000,0.000000,0.000000,0.000000,50,0.000000,0.000000,,77.026733,21.791481,0.000000,3521120535.383281,7/30/2015,6:02:15 PM,1,0.101546,0.101546,-0.000000,P5.0.5,CB14-ST2-3702-Z1,C31,DGN,PCB-3702,
Channel 2-640nm narrow,,,0.000000,59.786354,22.548642,5.800000,C:\Users\PAHS\Google Drive\PAHS - Tech Dev\Consultants\LabView\CharacterizationCoeff\CB_PCB3901_150728_COEFF_D104_ONLY.csv,CalCoeff,[07-28-15],0.000000,0.000000,3901,0.000000,0.000000,,0,0.000000,0.000000,0.000000,0.000000,0.000000,0.000000,0.000000,0.000000,0.000000,0.000000,0.000000,0.000000,0.000000,0.000000,0.000000,0.000000,,,,0,0.000000,0.000000,0.000000,0.000000,0.000000,0.000000,0.000000,0.000000,0.000000,0.000000,0.000000,0.000000,0.000000,0.000000,0.000000,0.000000,,,,0.000000,0.000000,0.000000,0.000000,0,0.000000,0.000000,0.000000,0.000000,50,0.000000,0.000000,,77.026733,21.791481,0.000000,3521120535.383281,7/30/2015,6:02:15 PM,1,0.000000,0.000000,NaN,P5.0.5,CB14-ST2-3702-Z1,C31,DGN,PCB-3702,
Channel 3-645nm wide,,,0.000000,59.786354,22.548642,5.800000,C:\Users\PAHS\Google Drive\PAHS - Tech Dev\Consultants\LabView\CharacterizationCoeff\CB_PCB3901_150728_COEFF_D104_ONLY.csv,CalCoeff,[07-28-15],0.000000,0.000000,3901,0.000000,0.000000,,0,0.000000,0.000000,0.000000,0.000000,0.000000,0.000000,0.000000,0.000000,0.000000,0.000000,0.000000,0.000000,0.000000,0.000000,0.000000,0.000000,,,,0,0.000000,0.000000,0.000000,0.000000,0.000000,0.000000,0.000000,0.000000,0.000000,0.000000,0.000000,0.000000,0.000000,0.000000,0.000000,0.000000,,,,0.000000,0.000000,0.000000,0.000000,0,0.000000,0.000000,0.000000,0.000000,50,0.000000,0.000000,,77.026733,21.791481,0.000000,3521120535.383281,7/30/2015,6:02:15 PM,1,0.000000,0.000000,NaN,P5.0.5,CB14-ST2-3702-Z1,C31,DGN,PCB-3702,
Channel 4-640nm narrow,7/30/2015,2:52:07 PM,313.000000,59.786354,22.548642,5.800000,C:\Users\PAHS\Google Drive\PAHS - Tech Dev\Consultants\LabView\CharacterizationCoeff\CB_PCB3901_150728_COEFF_D104_ONLY.csv,CalCoeff,[07-28-15],15.000000,3521109127.782804,3901,0.079651,5.856564,,4,0.000000,-0.000000,0.000000,-0.000000,-0.001147,0.020138,-0.118400,-0.011437,0.032283,-0.611990,4.320259,1.448233,0.006426,-0.157917,1.650504,1.190352,,,,4,0.000089,-0.000667,0.005247,-0.005101,-0.002566,0.026416,-0.193614,0.189008,0.037188,-0.425755,2.757844,-2.738221,0.024641,-0.169183,1.059728,-1.070021,,,,0.489211,1.498844,100.963329,0.015900,158,1.598247,7.034229,1.305116,6.704738,50,0.293132,0.993311,,77.026733,21.791481,0.000000,3521120535.383281,7/30/2015,6:02:15 PM,1,0.799123,-0.505992,0.866003,P5.0.5,CB14-ST2-3702-Z1,C31,DGN,PCB-3702,
Channel 1-640nm narrow,,,0.000000,81.519737,22.401927,5.800000,C:\Users\PAHS\Google Drive\PAHS - Tech Dev\Consultants\LabView\CharacterizationCoeff\CB_PCB3901_150728_COEFF_D104_ONLY.csv,CalCoeff,[07-28-15],0.000000,0.000000,3901,0.000000,0.000000,,0,0.000000,0.000000,0.000000,0.000000,0.000000,0.000000,0.000000,0.000000,0.000000,0.000000,0.000000,0.000000,0.000000,0.000000,0.000000,0.000000,,,,0,0.000000,0.000000,0.000000,0.000000,0.000000,0.000000,0.000000,0.000000,0.000000,0.000000,0.000000,0.000000,0.000000,0.000000,0.000000,0.000000,,,,0.000000,0.000000,0.000000,0.000000,0,0.000000,0.000000,0.000000,0.000000,50,0.000000,0.000000,,84.099854,21.823560,0.000000,3521178636.379467,7/31/2015,10:10:36 AM,2,0.099244,0.099244,-0.000000,P5.0.6,CB10-ST3-3301-Z2,C26,DGN,PCB-3301,
Channel 2-640nm narrow,,,0.000000,81.519737,22.401927,5.800000,C:\Users\PAHS\Google Drive\PAHS - Tech Dev\Consultants\LabView\CharacterizationCoeff\CB_PCB3901_150728_COEFF_D104_ONLY.csv,CalCoeff,[07-28-15],0.000000,0.000000,3901,0.000000,0.000000,,0,0.000000,0.000000,0.000000,0.000000,0.000000,0.000000,0.000000,0.000000,0.000000,0.000000,0.000000,0.000000,0.000000,0.000000,0.000000,0.000000,,,,0,0.000000,0.000000,0.000000,0.000000,0.000000,0.000000,0.000000,0.000000,0.000000,0.000000,0.000000,0.000000,0.000000,0.000000,0.000000,0.000000,,,,0.000000,0.000000,0.000000,0.000000,0,0.000000,0.000000,0.000000,0.000000,50,0.000000,0.000000,,84.099854,21.823560,0.000000,3521178636.379467,7/31/2015,10:10:36 AM,2,0.000000,0.000000,NaN,P5.0.6,CB10-ST3-3301-Z2,C26,DGN,PCB-3301,
Channel 3-645nm wide,,,0.000000,81.519737,22.401927,5.800000,C:\Users\PAHS\Google Drive\PAHS - Tech Dev\Consultants\LabView\CharacterizationCoeff\CB_PCB3901_150728_COEFF_D104_ONLY.csv,CalCoeff,[07-28-15],0.000000,0.000000,3901,0.000000,0.000000,,0,0.000000,0.000000,0.000000,0.000000,0.000000,0.000000,0.000000,0.000000,0.000000,0.000000,0.000000,0.000000,0.000000,0.000000,0.000000,0.000000,,,,0,0.000000,0.000000,0.000000,0.000000,0.000000,0.000000,0.000000,0.000000,0.000000,0.000000,0.000000,0.000000,0.000000,0.000000,0.000000,0.000000,,,,0.000000,0.000000,0.000000,0.000000,0,0.000000,0.000000,0.000000,0.000000,50,0.000000,0.000000,,84.099854,21.823560,0.000000,3521178636.379467,7/31/2015,10:10:36 AM,2,NaN,NaN,NaN,P5.0.6,CB10-ST3-3301-Z2,C26,DGN,PCB-3301,
Channel 4-640nm narrow,7/30/2015,11:34:26 AM,219.000000,81.519737,22.401927,5.800000,C:\Users\PAHS\Google Drive\PAHS - Tech Dev\Consultants\LabView\CharacterizationCoeff\CB_PCB3901_150728_COEFF_D104_ONLY.csv,CalCoeff,[07-28-15],15.000000,3521097266.582382,3901,0.080022,5.856016,,4,0.000000,-0.000000,0.000000,-0.000000,-0.001147,0.020138,-0.118400,-0.011437,0.032283,-0.611990,4.320259,1.448233,0.006594,-0.160871,1.667875,1.192030,,,,4,0.000089,-0.000667,0.005247,-0.005101,-0.002566,0.026416,-0.193614,0.189008,0.037188,-0.425755,2.757844,-2.738221,0.024430,-0.168661,1.053533,-1.064109,,,,0.621742,1.906528,128.478605,0.011000,110,1.412963,6.883736,1.307995,6.740605,50,0.104968,0.993024,,84.099854,21.823560,0.000000,3521178636.379467,7/31/2015,10:10:36 AM,2,NaN,NaN,NaN,P5.0.6,CB10-ST3-3301-Z2,C26,DGN,PCB-3301,
Channel 1-640nm narrow,5/10/2016,5:17:38 PM,231.000000,62.457172,22.762437,5.790000,<Not A Path>,CAL SKIPPED,[11-16-15],8.470000,3545741858.105183,4005,0.114360,7.091747,,4,0.000000,0.000000,0.000000,0.000000,0.000000,0.000000,0.000000,-0.083700,0.000000,0.000000,0.000000,4.386600,0.000000,0.000000,0.000000,2.481384,-0.010300,0.780300,,4,-0.000858,0.002526,0.009149,-0.005420,0.018547,0.074584,-0.552433,0.283223,0.438829,-3.537251,9.120561,-4.171200,0.366363,-0.093839,1.027782,-0.478275,,,,0.005010,0.004928,-0.008221,0.008319,1023,0.005154,0.005017,0.545847,2.481384,300,-0.540693,-14127.093034,,60.880259,22.650157,0.000000,3545741858.105183,5/10/2016,5:17:38 PM,0,0.005154,-0.540693,-14127.093034,P7.0.1,Characterization,V10,AM,Testing software Jan 3,
Channel 2-640nm narrow,5/10/2016,5:17:38 PM,231.000000,62.457172,22.762437,5.790000,<Not A Path>,CAL SKIPPED,[11-16-15],8.470000,3545741858.105183,4005,0.114360,7.091747,,4,0.000000,0.000000,0.000000,0.000000,0.000000,0.000000,0.000000,-0.083700,0.000000,0.000000,0.000000,4.386600,0.000000,0.000000,0.000000,2.481384,-0.010300,0.780300,,4,-0.000858,0.002526,0.009149,-0.005420,0.018547,0.074584,-0.552433,0.283223,0.438829,-3.537251,9.120561,-4.171200,0.366363,-0.093839,1.027782,-0.478275,,,,0.181422,0.387634,20.621198,0.012314,0,0.004948,0.005099,0.545847,2.481384,300,-0.540899,12842.811601,,60.880259,22.650157,0.000000,3545741858.105183,5/10/2016,5:17:38 PM,0,0.004948,-0.540899,12842.811601,P7.0.1,Characterization,V10,AM,Testing software Jan 3,
Channel 3-640nm narrow,5/10/2016,5:17:38 PM,231.000000,62.457172,22.762437,5.790000,<Not A Path>,CAL SKIPPED,[11-16-15],8.470000,3545741858.105183,4005,0.114360,7.091747,,4,0.000000,0.000000,0.000000,0.000000,0.000000,0.000000,0.000000,-0.083700,0.000000,0.000000,0.000000,4.386600,0.000000,0.000000,0.000000,2.481384,-0.010300,0.780300,,4,-0.000858,0.002526,0.009149,-0.005420,0.018547,0.074584,-0.552433,0.283223,0.438829,-3.537251,9.120561,-4.171200,0.366363,-0.093839,1.027782,-0.478275,,,,0.166888,0.459867,29.297986,0.011656,1023,0.709901,0.723019,0.545847,2.481384,300,0.164054,147.546270,,60.880259,22.650157,0.000000,3545741858.105183,5/10/2016,5:17:38 PM,0,0.709901,0.164054,147.546270,P7.0.1,Characterization,V10,AM,Testing software Jan 3,
Channel 4-640nm narrow,5/10/2016,5:17:38 PM,231.000000,62.457172,22.762437,5.790000,<Not A Path>,CAL SKIPPED,[11-16-15],8.470000,3545741858.105183,4005,0.114360,7.091747,,4,0.000000,0.000000,0.000000,0.000000,0.000000,0.000000,0.000000,-0.083700,0.000000,0.000000,0.000000,4.386600,0.000000,0.000000,0.000000,2.481384,-0.010300,0.780300,,4,-0.000858,0.002526,0.009149,-0.005420,0.018547,0.074584,-0.552433,0.283223,0.438829,-3.537251,9.120561,-4.171200,0.366363,-0.093839,1.027782,-0.478275,,,,0.335384,0.905531,57.014733,0.011572,1023,0.910808,0.927362,0.545847,2.481384,300,0.364961,116.919759,,60.880259,22.650157,0.000000,3545741858.105183,5/10/2016,5:17:38 PM,0,0.910808,0.364961,116.919759,P7.0.1,Characterization,V10,AM,Testing software Jan 3,
